id,nome
0,tkersey
1,njonsson
2,bangpound
3,vincentkoc
4,Rud5G
5,mlsj1
6,jits
7,syug
8,varungupta
9,esneko
10,neopunisher
11,jazzwang
12,begoon
13,fly51fly
14,fallenpegasus
15,fribeiro1
16,brase
17,chchrist
18,massimoselvi
19,ScottJWalter
20,mikeputnam
21,alessandrogambin
22,adeelahmad
23,mindcrime
24,informaticadiaz
25,MarceloNascimento
26,skowronek
27,dsoul
28,dmsbilas
29,thimslugga
30,neo01124
31,leecardona
32,threecups
33,shyuan
34,nara
35,dning1
36,tomtapia
37,openam
38,semsphy
39,DaemonCahill
40,Cambera
41,riyadparvez
42,duanshuaimin
43,nattfodd
44,mitaka
45,ikysil
46,ZhangYunfang
47,temosy
48,threadstonesecure
49,manuelhunziker
50,ambagasdowa
51,daball
52,pedro-lima
53,alexharvey
54,josh-fisher
55,subidit
56,pdevenraj
57,jtmoon79
58,nerandell
59,raghuboosetty
60,sergiotocalini
61,crazzyyfool
62,tdmalone
63,34code
64,burib
65,whn09
66,bobbyearl
67,figpope
68,alishir
69,ahlfors
70,bsrz
71,mailmahee
72,mihkels
73,daefresh
74,dofstar
75,codee
76,LisaDelaney
77,Xal3ph
78,jojoismael
79,pmanolak
80,tuannx
81,kistasi
82,tariqwest
83,jonnynut
84,afelicioni
85,firebitsbr
86,glaucodiogo
87,gunkaragoz
88,aldrinbaroi
89,ProNotion
90,manjunathd
91,afonsoalban
92,aungzanbaw
93,ewnd9
94,rsaa
95,hvn0413
96,duxing2007
97,ste93cry
98,LightPoincare
99,jloiola
100,mohaqqani
101,kylewburress
102,itanoss
103,anujku
104,suburbanworrier
105,thesobercoder
106,bygbyron3
107,AdhirRamjiawan
108,rickymaciel
109,KevinGimbel
110,zsp0817
111,konamo
112,deneb-alpha
113,bayramarslan
114,bawkingfbi
115,voldyman
116,golf-x
117,alexjennings
118,Spinfusor
119,xiupitter
120,somaditya
121,apjowen
122,usui-tk
123,onenonlycasper
124,dengqixing
125,justicelee
126,Davi-He
127,godsoul
128,kumar-nitish
129,toku345
130,snoop0x7b
131,PandaBlessing
132,andyuls
133,juanjoruiz2109
134,mangualero
135,fabianocouto
136,misselvexu
137,nitestyle
138,haydenthai
139,yannickboog
140,proverbs53
141,Rajivhost
142,cafedood
143,4digitalworld
144,dpapageo
145,HJiefeng
146,lizidun
147,larsfi
148,kkpan11
149,ajaxjs
150,plumcube
151,magigo
152,ahmadfaizalbh
153,flukebox
154,jakebrinkmann
155,simar1998
156,CheeseTurtle
157,AAbasinejad
158,virtuoushub
159,huamichaelchen
160,chandpriyankara
161,mumblepins
162,bingosing
163,sszukala
164,b3nkos
165,bretdarby
166,chrisgoulet
167,srinitude
168,the-watchmaker
169,codinggooner
170,kimpenguin
171,horuszhao
172,aniquetahir
173,RooTinfinite
174,mychen-ustc
175,weisberg
176,ace-coder
177,infinitedreams9586
178,beacya
179,SixPenny
180,tusharsoni08
181,hoansgithub
182,ritesh-singh
183,schallerala
184,alexxyjiang
185,FishInBottle
186,lucasgrezzi
187,star-fx
188,amavlyanov
189,garciparedes
190,keshabb
191,denu5
192,mcybulski
193,o-kakade
194,designisaverb
195,poornasamy
196,s0nlxaftrsh0ck
197,laikunzhen
198,asadhaye
199,darasat
200,mklemann-com
201,nikkidada
202,tiloyi
203,quark00
204,roykalony
205,zhangxiangdong
206,thomasdalbert
207,LavenderDaisy
208,edisona
209,Steven-Acomb
210,kevcooper
211,jodavaho
212,side9show
213,teeksingh
214,kevingrondin
215,JakubKana
216,edybrother
217,koyashiro
218,devikirang
219,unlitdev
220,well1791
221,mleziva
222,ajian005
223,ykaidashov
224,ankur-gupta
225,Malacarne
226,anand-b
227,stdexception
228,lackary
229,MatterhornProject
230,tolgabuyuktanir
231,zhenyuanzhou
232,cash2059
233,rajabalaji-mp
234,anobil
235,radiochickenwax
236,THenryT
237,vedamj01
238,cocavo
239,jafferlin
240,yixiuhua
241,rodazuero
242,JustCallMe-AK
243,henriquerick
244,gitpopcode
245,JoeyCai
246,Wyvernslay3r
247,gabrlyg
248,paulosiciliano
249,martinvaldivia
250,rdczhby
251,mys328
252,billykwok
253,andrey-berenda
254,sinhang
255,Pal3love
256,Lakshmiaddepalli
257,mohamed-abdelsattar92
258,rawer886
259,junhong202
260,iamlos
261,thanhcsf
262,junaid109
263,arpitgo4
264,roykhoury
265,bafeiyu
266,Ylmzef
267,pdigennaro
268,everXu
269,anlexN
270,Janujan
271,fwblcz
272,elaineleung
273,djinl520
274,protyay
275,selfishprimate
276,Mwalthery
277,GregAllenSmith
278,zgover
279,avestura
280,aspindle
281,pqrsooo
282,evanshrestha
283,bos-hieu
284,hanautoparts4u
285,sonimonish00
286,imvikramn
287,massivelivefun
288,garrettrh
289,adanone
290,ghishadow
291,shower1986
292,mseld
293,JasonYe88
294,seshurajup
295,xiaopizi19
296,pelamlio
297,Asavarkhul
298,csangha
299,ajay340
300,sdulaney
301,custadian
302,KlwntSingh
303,FelixFeliciant
304,learnerzhang
305,gamedebug
306,jonathanarodr
307,sadou-bah
308,ZhengChaoqun
309,osama-ahmed
310,nir-zilberman
311,changyongyong
312,bigDP
313,WajahatSiddiqui
314,markjohnlucas
315,Vaibhav
316,manavchoudhary
317,mrcharlierace
318,nikolaospapachristou
319,CallmeTorre
320,jcarlos001
321,jayzuccarelli
322,vslala
323,peterjlay
324,Ngel-Castro
325,rilek
326,dawei-wang
327,GeoSkiis
328,DominikHorn
329,bptorao
330,JeffUssing
331,edstgo
332,yxblee
333,barisates
334,ankkrish
335,pratickRoy
336,pereirakadu
337,justinsamuel92
338,lvictorerod
339,ryanulep
340,dotsnangles
341,mduvernon
342,olegkramko
343,609151318
344,RyanAugust
345,dbarrington
346,knhnd
347,akari0624
348,noid11
349,ioing
350,AruulmozhivarmanS
351,Tusharjagi
352,ivaylo-yordanov
353,rramirez0203
354,emullaraj
355,theranajayant
356,rajpratik71
357,jkjavier
358,mcguegi
359,nbhirud
360,UmutSERIFLER
361,zhu0823
362,Xianzhan
363,Joe192168
364,SanHacks
365,LindaHaviv
366,ball582
367,dmitrykrisko
368,qmajid
369,we1l1n
370,jhhe66
371,Almarch
372,thangnm93
373,NikhilRyan
374,Emperor42
375,dongzhuoyao
376,chenzilu1990
377,alexandregressier
378,jason1004
379,xuelangqingkong
380,godobyte
381,chanffdavid
382,anomaly-88
383,pianwan
384,undabah
385,aymenbelarbi
386,ashish936
387,giotramu
388,0xlkda
389,guilhermebc
390,SMBgurus
391,robson021
392,brentclay
393,mate-h
394,artur-sak13
395,yorshreynoso
396,VoxHash
397,yehuizhang
398,rubenca01
399,nounou176
400,AAdewunmi
401,balao7
402,flaviopavim
403,Zenidog8
404,aiwongs
405,devcang
406,kalsyanpradeep
407,DarrenMcCall
408,jadanah
409,vonzou
410,Chichis
411,yssdnj
412,jaymahfudy
413,maxsxu
414,lavanquan
415,keita-hino
416,KyuDounSim
417,depers
418,Anirudh257
419,jmartins-sh
420,satyarajreddy
421,Prithvish04
422,liyiliang
423,AnsonHwang86
424,xzm2004260
425,anirudhbagri
426,STCYC
427,rsmelo92
428,Cybercommanders
429,ardakazanci
430,StrangerCoug
431,keren123
432,paraskevasleivadaros
433,Grimgog
434,noodanee
435,nibinjoseph
436,alobe
437,zhuzixian520
438,freedom64life
439,JadeCong
440,VitorSouza7512
441,ProfessionalBoatDrifter
442,dancause
443,arorakanav
444,ltlwill
445,potatopotaro
446,graceko22
447,paletode
448,Timotej979
449,erenaslandev
450,himanshukumar660
451,BarathEswerN
452,victordrulis
453,serhiiklenachov
454,camerondurham
455,hasnat123
456,khanhhuy288
457,gstair
458,wwfyde
459,hotsticker
460,DanielSwarup
461,ningfc
462,RishabhKr97
463,jmcfayaz
464,jiangoz
465,moseeking
466,ardasatata
467,Murplugg
468,tanvirstreame
469,PhilJeffcock
470,ngocphuc1612
471,kworkbee
472,arnab-ray
473,yuriykuntsyak
474,bahadirsahin
475,SMSesay
476,jamestiotio
477,ivanlafollette
478,anuj97
479,yaelBrown
480,motmaytinh
481,desaidn
482,NoxGamingQC
483,aravinthakannan
484,gsrathoreniks
485,lingjiekong
486,diohsb
487,janviyao
488,hijiki51
489,mkz0930
490,pradeepkni382
491,rdnasim
492,shrinidhibarthur
493,StrangeKnowledgeIncresed
494,canering
495,Austin47
496,shokriw
497,franklin-monreal
498,immangat
499,xxh031203
500,cstarshine
501,dororoholic
502,chipro
503,lossfunc
504,loumalouomega
505,alenperic
506,james-sungjae-lee
507,SamGreenwood1
508,garyhtou
509,d3v2null
510,5h3r42
511,msweetland
512,ddoron
513,wrslatz
514,fsalhabib
515,vncsdich
516,jrjm1111
517,mitutitu16
518,ShuhaoZQGG
519,akashsathyan
520,sushant-joshi
521,chrisskhoury
522,djvelimir
523,jeremychauvet
524,alxporto
525,riturajDas
526,Logicus03
527,chinchillajared
528,isabelchaves
529,morrisel
530,weegier
531,shikharsaxena98
532,flukelaster
533,rjuer
534,mussieh
535,pawa2007
536,mesutbayir
537,liyonglu123
538,lintsai
539,6thpath
540,CodeWithNJ
541,rockychang7
542,hanwgyu
543,wudangqibujie
544,DihanDai
545,drewfrost
546,chris-c-thomas
547,bixo-d
548,MUmarJaved
549,contimatteo
550,kharam1436
551,amaankulshreshtha
552,hiromesh
553,surajsahani
554,hackenbacker
555,petronem
556,my1795
557,Pzoom522
558,brizzlechris
559,ilivinus
560,SpeicherA
561,nityansuman
562,akbarboghani
563,cydonialis
564,renyang1
565,wangtiechuan
566,lynmison
567,linshan-ma
568,EngineerMichael
569,anaghkanungo7
570,RickyC0626
571,d-bryan
572,WladFrazao
573,Ming0217
574,caesar-one
575,rayxwu
576,xuepengwei
577,Ishanna
578,JoeRMiller
579,HelloWolld
580,ajaysharma12799
581,luwen193
582,devStarscream
583,nkn6294live
584,FanJups
585,ShwetaShivangi
586,amwi04
587,mnk400
588,clairehuang77777
589,pd14196
590,samirdjelal
591,tychodev321
592,TheFJS14
593,Baleryom
594,caitinc
595,jtbiron
596,danishdtp
597,almokhtarbr
598,andreacip
599,vietnguyengit
600,duranbe
601,thapaashis110
602,soccernut
603,mdobro1
604,royswale
605,saneknight
606,AnhTrieu
607,janmarkuslanger
608,morinyan
609,gujiacun
610,adileone
611,BIGChask
612,mapjx
613,fuhaoma
614,DXLZ
615,nuffQuantumSayd
616,kekemao00
617,lamsd
618,renanmagagnin
619,anuq
620,igorasantos
621,metaphor0
622,iashutoshtiwari
623,yaravi
624,skippermin
625,masakiasami
626,gurtejrehal
627,huannvttd98
628,thatbeautifuldream
629,teetajp
630,CRaLFa
631,happyqq
632,PranayKotian
633,wuchunfu
634,venkate5hgunda
635,NousheenAnwar
636,ykalani
637,whuhxb
638,ks1990cn
639,ronnielutaro
640,samutich
641,jongan69
642,nmoisess
643,vkhangstack
644,kayericson
645,JavanehBahrami
646,tjolr
647,rishikavikondala
648,lodhik9
649,cultivate5253
650,elafifi
651,akazyti
652,boomer2752
653,michael811125
654,Luccasoli
655,benmassaoud
656,KostasSliazas
657,abheesht17
658,ShrivatsAgrawal
659,farhan-2202
660,HebaElGalad
661,himanshututeja1998
662,xuansen41319
663,AsadAmir111
664,cwher
665,Pei1133
666,wjsnyx
667,proKress
668,SamuelMaculuve
669,pasenchenko
670,mascenaa
671,jinjidong
672,andisolo
673,JudgedSauce7
674,xmoreira
675,amitvish
676,Nikronic
677,Razdeep
678,jkh920184196
679,jimbrig
680,FenTheDev
681,Dxdzy86
682,ThaoNhienNguyen-Erika
683,chunkSpadunk
684,patrick22414
685,diguapao
686,don1343
687,Jiahuan-Pei
688,AdityaSoni17
689,shelthack
690,cherryriotyouth
691,dykderrick
692,johngunerli
693,aijls
694,spacefly
695,Ernesto-zhs
696,akashmdkml
697,Menotron
698,smustafa75
699,nanaboat1
700,eshack94
701,subhobrata
702,S-Swaroop
703,LeonSchmidt-Coder
704,Karim-53
705,EthanC-8
706,nitinnbisht
707,ericpark123
708,Matheus-ESW
709,allenduchaoyuan
710,Yulv-git
711,hexolan
712,moqsien
713,noppytinto
714,MilleniumSpark
715,sagsango
716,Programador89
717,robertgro
718,JasonMoon95
719,snkd
720,limeng92
721,nowphp2018
722,raashidanwar
723,jackpan123
724,bshreddy
725,TsukasaSeto
726,almiracioly
727,PallaviVarandani
728,alvinlal
729,Rookl
730,awabasher
731,Katsukiniwa
732,huuquyet
733,PMcTwist
734,hqng
735,MahaboobDanish
736,rkv0id
737,MadeInLondon
738,SimonVonXCVII
739,sigsant
740,celikgo
741,shiva0612
742,rroohit
743,jk4freedom
744,kyamashiro
745,LasVegasBilly
746,Turbocaspal
747,davnunes
748,afondiel
749,johnnyrtrentin
750,Itakello
751,stnorbi
752,stacyrymer86
753,zero-null
754,jcusick93
755,jh9875
756,odzalasapp
757,eduardoteles17
758,GITWHB
759,DevinByteX
760,ricardosuman
761,mencarellic
762,m0nkeyDev
763,GitbitGit
764,rabbithophop
765,willisstu13
766,ftf1218
767,hirawatt
768,adilet-saken
769,marcomamprin
770,Thejuskbenny
771,TomasDavidYe
772,nanaxumu
773,adyilam
774,GabrielFerrante
775,13995595007
776,tinahuang222
777,edgaramirbekian
778,Bhavuk-Garg
779,liwenye123
780,Mzon2857
781,thiagomares
782,skleee
783,mjsheikh
784,anishamalde
785,5toliv
786,easy147
787,TeddyCom1
788,prabhumns
789,HyunjunA
790,harishravi121
791,Habib16051
792,iamharvey
793,rahul-zomato
794,ricardopra
795,avanishvyas
796,inframarauder
797,YjqZhouxiao
798,adhamsalama
799,LuoTailong
800,AtaraxiaZ
801,hyanzhang
802,cooperjaXC
803,sovansambath-phann
804,rkej
805,maxpatiiuk
806,jinshuye
807,ibn-khafagah
808,kartikeytewari
809,md-arfin-cse
810,humbertowr
811,johncruyff14
812,johan-lab
813,ambanerjee
814,bzamith
815,deviknitkkr
816,MarkBirdRock
817,Abirul
818,CarlosIbCu
819,nesakobi
820,Valairan
821,SnehanjanChatterjee
822,iqtedarraza
823,rafaelgustavofurlan
824,hunghg255
825,zf1575192187
826,matoszz
827,andrewdge
828,RobertConde
829,rksamu
830,LiviaKarolayne
831,hartl3y94
832,saarthdeshpande
833,hxinn
834,leechenze
835,Dexterzprotege
836,berilcankutlu
837,alan713
838,sandrawilczynski
839,ManojTGN
840,sejin-P
841,Debarshi95
842,abhinavG37
843,gauharayub
844,gxtsk
845,middas-0706
846,seanwynwins
847,zhaocrazy
848,WennYanto
849,sangamesh-kodge
850,horizonNEvent
851,claudsonbarros
852,yotamnahum
853,huiminlim
854,tjykvuo
855,sumukhteja
856,tung1707
857,valtab
858,yoonseok-kim
859,JankinTian
860,Pcharlot13
861,djmcclary
862,theroyakash
863,sadoreko
864,billsenxu
865,MarcoSantonastasi
866,joanB0ix
867,PureIllusionCo
868,grg124
869,AlixANNERAUD
870,amadsalmon
871,infinitepower18
872,ashr4f1arr2ad
873,zerodevid
874,youyuandx
875,YaseenHQ
876,shayanekat
877,fellipematos
878,Disciple0fMarx
879,VE5ETA
880,KlinKlinKlin
881,ishu-thakur
882,devendarsai
883,niushufeng
884,iRyanKGT
885,rishabhkar
886,brijeshbhalodiya
887,zaaakher
888,XRLZX8
889,nyckware
890,soumyadbanik
891,zhnzhang
892,yhf98
893,xjhofernandes
894,gauravagrwal
895,philpher0x
896,teacubes
897,mapy1874
898,JohnDNC
899,zeelsheladiya
900,ImKunYoung
901,EduardHov
902,kamelbendi
903,mitchell-cheng
904,Soumil-Bhattacharya
905,mahmoud-elghonemy
906,KarlRegnier0801
907,johnmccants002
908,samedsemihs
909,jupdec
910,moramadan98
911,aymandarwish
912,mayankvadariya
913,porum
914,angeloboustany
915,HongLouyemeng
916,maniac1122
917,Sambit650
918,zsalieva
919,Th3FearLess1
920,haja-fgabriel
921,fbuetler
922,kohring
923,okonri
924,paulohenz
925,Luiz-Frias
926,Jhonatasgrs
927,leopoldoH
928,cnhuz
929,liltommy1dev
930,hansdaapurba
931,AnkitBasrur
932,Wwillers
933,owini
934,amirmojarad
935,RichardZj
936,Spiritbocs
937,MarcoSteinke
938,yanquanfahei
939,smy1999
940,switcombe
941,wesleybertipaglia
942,anujchoudhary-17
943,erfansn
944,mazrean
945,shan2312
946,XrosLiang
947,994Simone
948,matheussooares
949,Mystic-77
950,samcho0608
951,bruno-aires
952,Jirigesi
953,PerfectYellow
954,ken-1200
955,imokhtar
956,GvHarish9894
957,ArthurAnastopulos
958,w3dg
959,guilefoylegaurav
960,denmj
961,burakaktna
962,frankxzAmazon
963,Xibbofish
964,Kevinoob-design
965,ericwidjaja
966,mirfanaslam
967,linchao10058
968,danieloliveira01
969,xiaozhiob
970,u-yas
971,smelouah
972,icqmula
973,ndagan
974,dmascheck
975,Abhirajnow
976,sanjuchandra
977,sadiqshaik123
978,cccaimingjian
979,anurag01a
980,masrafi115
981,Nosckid
982,Liebmann5
983,sm-heard
984,Abhijrathod
985,farhan5478
986,leonardoknakagawa
987,agastaldellomaccomit
988,steffiypx
989,AdnanAaddi
990,MaxDeveloper16
991,hchen19
992,leonardofhy
993,tenpa007
994,gtrman97
995,clay-curry
996,MuffinAmor
997,bythebug
998,amiranbari
999,Natur3-Boy
1000,TheShiningVampire
1001,rushilenekar20
1002,mbulucay
1003,fayez29
1004,soma2000-lang
1005,jin-sungdae
1006,quantdevv
1007,Anass-23
1008,Ayush-Pujari-07
1009,songziqwq
1010,goillotc
1011,cyriljacobjohn
1012,prajapati-rasik
1013,2019-GitHub-Chu
1014,Tarsisnbs
1015,qaws7791
1016,dylenchang
1017,jamesatomc
1018,chinkin707
1019,azwpayne
1020,jflad17
1021,fabianozonta
1022,frankporco
1023,surajongithub1986
1024,victorvaladez1
1025,adithya1010
1026,sametcn99
1027,Hung-00
1028,Aditya-Khemka
1029,tamilvanan-b
1030,chanwoo00106
1031,FrankQixiangGao
1032,WonJoongLee
1033,alikemalozgumus
1034,Codesmaster-lab
1035,gwd666
1036,Vani019
1037,dhanrajswami
1038,Supriyo8799
1039,Maher-RJ
1040,Dajun-2019
1041,bocaletto-luca
1042,0xa3k5
1043,LuanGomes12
1044,renatompf
1045,stevenrsewell
1046,Symon629
1047,martintaylor1635
1048,HaimHalfon
1049,kranti2201
1050,Xebet
1051,prad-j
1052,jaquespavan
1053,nholuongut
1054,huiyouyou
1055,shevateng0
1056,vignesh5535
1057,huai-jie
1058,avonbied
1059,bipin0x01
1060,chrichri17
1061,GessioMori
1062,TylerMamrot
1063,danmslamt
1064,Pecorari
1065,1MuhammadFarhanAslam
1066,br8km
1067,najmehn00
1068,Uplift-0508
1069,samtimur
1070,ajmalbinnizam
1071,TatsuyaNakagoshi
1072,jigordev
1073,vaziojammie
1074,Anthippi
1075,NonymousMorlock
1076,EfeAcar6431
1077,akinfelami
1078,Yongxi-Zhou
1079,RushabhShah20
1080,kuzeyerkan
1081,SilviuLazar
1082,KHNQ
1083,NaoyaTatetsu
1084,mijung-in-11st
1085,simonjgr
1086,osman-nazir
1087,Vigneshkumar212
1088,mrwanggang-crazy
1089,BraeSleepn
1090,avadhutjc
1091,MLHaddon
1092,Capital-SetMawHtay
1093,sumairq
1094,0x4248
1095,jcork4real
1096,samr874
1097,aditya-repos
1098,spencerlepine
1099,calbergs
1100,yusuke-z
1101,Yuri-Mendes
1102,jimmysmits
1103,Drag0nf1y
1104,JohnDoll2023
1105,Saipraneeth99
1106,sheikhsspear
1107,santoshlite
1108,Daydream0929
1109,cjy-github1
1110,FernandoBatoni
1111,ymyspirit
1112,leejoonhun
1113,CharlesCreativeContent
1114,mmhamdy
1115,lorenonzi
1116,baisedongtian
1117,dsiq-rd
1118,arqam365
1119,hiyyg
1120,zustems
1121,VitorAkira-me
1122,Jesus-Retr0
1123,Sujith-sunny
1124,solfonte
1125,PrideStudio
1126,DevOps920719
1127,Matt-Bulk
1128,opsingh861
1129,Y3454R
1130,xiao-cy
1131,meijihatakeyama
1132,galichy79
1133,thefaheemkhan
1134,Flaiers
1135,rominswe
1136,HenriqueFurtado-Dev
1137,Derokkk
1138,Shahna-C
1139,chosungmann
1140,mspirkov
1141,grahamwaters
1142,deezeddd
1143,jaymepsantos
1144,SindywithanS
1145,mohamedhabibwork
1146,Rayane-Aboud
1147,hueiwhfa
1148,anurag1504t
1149,syed-waleed-ahmed
1150,rudra-code-creator
1151,rajveer43
1152,Kushan2k
1153,Thilak-KN
1154,Tiger15cub
1155,AesisGit
1156,rafaelporfiriobarros
1157,OBud75
1158,DonelAdam
1159,yosefkiros
1160,benzebra
1161,HamdanAr
1162,azazanwarsa
1163,ralintuscano
1164,huyenNguyen20
1165,FurkanEdizkan
1166,reaovyd
1167,jameelkaisar
1168,Tyalor
1169,TharunNo1
1170,SegaGLm
1171,celso-na-teixeira
1172,nilesh05apr
1173,EM51641
1174,seanpm2001
1175,thiagomendonca-eu
1176,rainmana
1177,dylanhood
1178,vandadrad
1179,chris0765
1180,John-Pinto
1181,milotek
1182,Pquar
1183,oss-mad
1184,TrNgTien
1185,Mindula-Dilthushan
1186,shuklarituparn
1187,neha-m98
1188,AHANCIT
1189,sebaminaya0
1190,Julieta7312
1191,d-t-n
1192,vinoth-techie
1193,johnzhang3410
1194,rbuchmann77
1195,hashwanthgogineni
1196,Ygor-J
1197,iamdeepakmardi
1198,Rameshraj55
1199,Niladrirc
1200,SeifEldinMohamed
1201,simonallmer
1202,SteCC
1203,daniel-dqsdatalabs
1204,Alev007
1205,tarun-lathiya
1206,dinapolic
1207,mazikai002
1208,rcosta-git
1209,JoseRicardoPE
1210,PhumyJS
1211,yuyingjun0922
1212,shakhzodtojiev
1213,ShabbirHasan1
1214,vimal-mounish
1215,sumedhdev
1216,ggopal13
1217,angeloS-98
1218,yagikota
1219,DougRog
1220,ipez98
1221,muazimmaqbool
1222,litingyes
1223,buddy1276
1224,go-utsav
1225,rdbender
1226,KaliBlip
1227,balajiCubie
1228,z2tong
1229,deevanshu-k
1230,linquint
1231,pjiang15
1232,jeanhackpy
1233,PhaedrusFlow
1234,nguyen-duy-tan
1235,Tpeach9474
1236,crviegas
1237,KennyOliver
1238,ronnieangeles
1239,drnomader
1240,Lucas-sudo-dev
1241,mahmud0v
1242,carnate-tech
1243,BTKcreations
1244,AldairAvelino
1245,mertkilix
1246,jordanaaccrombessy277
1247,theopaul-amazon
1248,Ghost1386
1249,asmnajmussakibkhan
1250,Wolfderoeden
1251,IgorNatann
1252,BashtianDev
1253,harshitclub
1254,5riman
1255,ketanxos
1256,Rahul-Biswal-new
1257,istellaliu
1258,QuantumBoy1010
1259,polygonnedpotato
1260,MadushanNimantha
1261,Choikyudong
1262,Harshi-itaSinha
1263,anthowest
1264,emiltervo
1265,gustavoturin
1266,SyedAnnasShah
1267,mohd-salem
1268,Infisrael
1269,bjin0822
1270,MateSousa
1271,marcelozepeunam
1272,DeversGigan
1273,canyoldas0
1274,erfuun
1275,madcitymultimedia
1276,arunavabasucom
1277,longyuyu
1278,phase-sys
1279,ugke
1280,Gustavo-Murdiga88
1281,uk-2
1282,Jiyu-Kim
1283,Marsjohn-11
1284,aadarsh-af
1285,karthikmurakonda
1286,fantastic0206
1287,littlelionly
1288,thunder-007
1289,cipherrahul
1290,ibarraz5
1291,vidda5
1292,AndreiMariciuc
1293,tatvil
1294,michelececcacci
1295,nabeelnoor
1296,sherlcok314159
1297,Minchalasaiteja
1298,mist1024
1299,elerner42
1300,leakedmemory
1301,vedantraval2310
1302,kshivakumar-code
1303,juliana-silva-hub
1304,efJerryYang
1305,mrrushikeshdaund
1306,sudongyuer
1307,yusuketozaki
1308,LlandspitRunzingf
1309,jianan1104
1310,Westsi
1311,AnmolVerma404
1312,JoseLopezSolis
1313,Ashish0898
1314,muratali016
1315,Severus25
1316,ozancck
1317,farinaceos
1318,hansencheck24
1319,zamoosh
1320,KISHORE-KUMAR-S
1321,aravhawk
1322,anadeem2
1323,TomasTan1988
1324,pierthebossest
1325,VincentIhab
1326,Vaema
1327,natdosan
1328,ManojJ07
1329,wolfcutie-alt
1330,AKrekhovetskyi
1331,strymon94
1332,Roshan-Metrix
1333,VictorSordi
1334,cx63cc
1335,riadelimemmedov
1336,ForBai
1337,David7ce
1338,EduardoCorazon
1339,695roshan
1340,aoshenx
1341,ajdara91
1342,DamonAustin
1343,b1shtream
1344,sozelfist
1345,itsRealMarshall
1346,weiliw-amz
1347,llllllilllilliii
1348,ooooo333i
1349,VenuGarlapati26
1350,samliu90
1351,gerald924
1352,FukazawaKazushi
1353,TheTrueKen
1354,arsal28
1355,TakahirosGithub
1356,freelancer79
1357,StephenOravec
1358,nhofling
1359,sccvn
1360,yaroslav-honchar
1361,kiranbalaji71
1362,sbdeveloper90
1363,Breqker
1364,BilgeBalga
1365,loupprodi
1366,shirushi-dev
1367,Samruddhi362
1368,josrot
1369,lettymoon
1370,clearljn
1371,YasminAlOmary
1372,Kenth06
1373,karishma502
1374,jiaweicai92
1375,Mairobinsky
1376,pritamkpratihari
1377,HenryDV
1378,lechiluan
1379,uDanielBispo
1380,rumaan-bot
1381,bhavikg-dev
1382,madjeek-web
1383,federicoreppucci-deliveroo
1384,buiquangthanhcode
1385,Jibe7
1386,MJ-Tech-H
1387,KendallDoesCoding
1388,himanshuthakur009
1389,Shrey-Srivastava21
1390,niravpi
1391,katulevskiy
1392,Itisjigar
1393,piyusagr
1394,junzmint
1395,enricoasc
1396,rakshit782
1397,PoojithaIrosha
1398,adnene-guessoum
1399,Yajie-Zhang
1400,huseyingirgin-eva
1401,script-lab
1402,Ictland
1403,ccampa896
1404,Nandita-SB123
1405,protechq88
1406,poojasundar15
1407,me-deshpande
1408,gaallmin
1409,Ahmedhamza1232001
1410,nurullah-arican
1411,imRHB
1412,ariyandevanand
1413,ishika1501
1414,mdzaberalhamid
1415,MuziZwane
1416,JorgeEmiliano80
1417,Sdu-pjLiu
1418,mo367
1419,ahamedrujhan
1420,bizocci
1421,jmoore78
1422,saitejar110507
1423,ekaterina4952
1424,KalvenDebig
1425,kumartul
1426,eaxoy
1427,bvenkatakarthik
1428,charan11sv
1429,YoliswaD
1430,frankpengau
1431,wanjanhasan
1432,nalinverma03
1433,julian-rosas
1434,Phillipe-Hugo
1435,Surya-Kumar-03
1436,gthmk
1437,Hoanganhvu123
1438,ndnan
1439,MarshallOkafor
1440,NickMezacapa
1441,fedebayer
1442,xwillxu
1443,danielaiyuan
1444,tkm9602
1445,NavratanPatel
1446,Paarasjoshi
1447,RajeevRanjan27
1448,Tahsin411934
1449,Samruddhiiii
1450,fvarghese99
1451,rediahmds
1452,nishantb06
1453,Louuuaiii
1454,Akash-Adhya
1455,lipehfama
1456,marcusPrado02
1457,mpimentel14
1458,Arshu200
1459,josephmartinmoran
1460,AndreCoutinhom
1461,natamartins
1462,techlobster
1463,elcnu986
1464,orbin123
1465,sssamm29
1466,amey-sawant-ai
1467,NChub
1468,techprogo
1469,gugs881
1470,mgaspirc
1471,SarfarajRahmn
1472,Aniketchaudhary16
1473,ichichchch
1474,JeromeXapix
1475,ClaudiaA18
1476,c2b247
1477,stoicsapien1
1478,feyzamiynat
1479,ElizabethJoseph25
1480,omidfarrokhi
1481,dfordp
1482,Manbendra2014
1483,Saleheddin
1484,qMikeehxz
1485,ShashankBagda
1486,heshara2000
1487,Saba42V
1488,ajjo-odoo
1489,Shahid6289
1490,Yamo406
1491,henry-vipnet360
1492,kishanK111
1493,thrashghost
1494,prejin2310
1495,alismask
1496,rodrigommar
1497,Sudhanva-Nadiger
1498,FelipeBNascimento
1499,ethangtkt
1500,RadomirEcom
1501,mb4m1
1502,TeyKra
1503,Lucas1114
1504,puppsupr
1505,neox-d
1506,naji0329
1507,SuperSmile0109
1508,Giasinit
1509,apella1
1510,0laday0
1511,christiankriedemann
1512,pannacottaaaa
1513,mars-aria
1514,RichardMulambuzi
1515,pransoft7
1516,RYANFRANKLIN237
1517,shfjdgadg
1518,Thund3rHawk
1519,tiennguyen2310
1520,LaughingJackalope
1521,arsg0etia
1522,ygill-bsci
1523,isaacbrendel
1524,Avidlearner001
1525,claudiodgr
1526,zagui-master
1527,Ganesh972
1528,alireza-baqeri
1529,KaiCHEN-HT
1530,marupon3910
1531,Fuko-Ibuki
1532,eProxy
1533,kikoolz
1534,supbrice
1535,black-mold
1536,BrunoGr0883
1537,tomgangwang
1538,Aurojyoti23
1539,emmyoh
1540,alxnjalex
1541,mikezio
1542,molochnyh
1543,leonardonakagawa
1544,GustyCube
1545,chkp-bryans
1546,hgnzheng
1547,itsagurin
1548,sghost13
1549,SpikyWU7
1550,Raphaeldaysc
1551,shashank-mishra14
1552,missAnneThorpe
1553,KhaleelMuhd1998
1554,KoolSoul
1555,Naveen2334
1556,IAMPARSI
1557,GauravKesh
1558,LeonMS123
1559,HarshitC-27
1560,nosh09
1561,Angie-Zhang
1562,davidnicolini
1563,skycomestatus
1564,SantoshKumarBogi
1565,Vladdstian
1566,satayuji
1567,vorlie
1568,HJPandey
1569,ryanherd
1570,AmineLemsih
1571,Nurlis03
1572,gremsyQuanLe
1573,LKChigumadzi
1574,koray-aydin
1575,jlggnss
1576,Code-Beaker
1577,lchen104
1578,RahulDubey391
1579,SnKToR
1580,Rupesh510
1581,vatsal-30
1582,akshit2257
1583,mao1910
1584,pppppyamaP
1585,Trik01
1586,shezaadahmed
1587,zahidhussain998
1588,hemsridh
1589,Vijay3725
1590,DDDavey
1591,DoublySoft
1592,adoussal
1593,vsdifficult
1594,iopebiel
1595,lowep
1596,yolo102938
1597,kris3713
1598,dhineshprabakaran
1599,qdclub
1600,asimpson0000
1601,dmytrochumakov
1602,thatme12
1603,nicogabriel1708
1604,esthermtnz
1605,JaRLenZhang
1606,The-code-is-secret
1607,jeremyw-dobeu
1608,christine-sandbox
1609,Comosaycomosah
1610,maxrathmann
1611,AaronSMathew
1612,FIDEL7Z
1613,rohit250799
1614,MirboboyevJasurjan
1615,MasterYiFree
1616,EthanThePhoenix38
1617,LucasViniciusSantosSilva
1618,General-MP
1619,lucasaraujodev
1620,vishaal3301
1621,aka5050
1622,truemanstock
1623,tori-ham
1624,vasudevarao3
1625,Valadares24
1626,wanshiyule
1627,boscotba
1628,jasonthedataguy
1629,AContesini
1630,julianomolinari
1631,nauczyxx
1632,Ponthezs
1633,xMxrgan
1634,mottamatheus835
1635,ParagDD
1636,bourbakiN97
1637,Myceliose
1638,mil2tech
1639,menawi
1640,007nishan
1641,ad0niram
1642,chrisgomad
1643,astrochemx
1644,looooooooy
1645,ayitharevanth
1646,Opakoficiel
1647,Ashishh0007
1648,seespike
1649,ropdias
1650,penguinpottery
1651,crr-bbai
1652,ComprehensiveAmoeba
1653,RohithTurlapati
1654,andedavd
1655,WLHQ
1656,manuelortizus
1657,aibolu
1658,MaxBryne
1659,Frisek
1660,shanenichols-channeladvisor
1661,mircoisendu
1662,soriqoo
1663,doy209
1664,CodeByPinar
1665,silviana-hs
1666,Oustra
1667,risingcurve
1668,omerkawaii
1669,Lujved
1670,sahanediriweera
1671,Raghavendra-Yadav
1672,jcf170030
1673,vladelets-vselennoy
1674,ThomasCode92
1675,paulaPSOx
1676,Pranav-raja
1677,rsenthur
1678,xmartinsbr
1679,DhrubajyotiBiswasfounderofDribll
1680,alpharomercoma
1681,JulienCamp
1682,ryan-w-roche
1683,montyma-amazon
1684,BryantVencil
1685,RustyTake-Off
1686,Vasco-Arts
1687,YgorAlcantara
1688,SwezyDev
1689,akshaygp18
1690,JapnoorHere
1691,Zaka123456
1692,xixu-me
1693,Pulimi1991
1694,KrithikPatil
1695,modabossymaxk
1696,praakhartripathi
1697,MaizeShark
1698,xingole
1699,Isu-Patel
1700,Janxxxx
1701,chukstochi
1702,srdegbe
1703,chuzairnisar425
1704,IzaacCoding36
1705,Emzie2212
1706,chacin04
1707,pushkarcode
1708,bbazwalt
1709,zhaoyumin2022
1710,Calum09
1711,anbinh93
1712,tnrjrdev
1713,Itzkuldeep444
1714,rafaelgandis
1715,iamchiranjeebpanda01
1716,SarthakKrishak
1717,wsa0227
1718,gsoni1
1719,aniruddhawathare
1720,Qianru69
1721,kiranj26
1722,samiamorshed
1723,mrlizhaozhi
1724,jashwinsingh11
1725,soorajaryan007
1726,IKashCode
1727,Anmol5519
1728,krishnaghugare
1729,jrennr
1730,fernandobraz88
1731,bhargavbijjam
1732,Lucasqrz1
1733,sachin21t
1734,RomDev7
1735,doski22
1736,allaboutevemirolive
1737,hongbo-wei
1738,mdhumairraza
1739,Laindrion
1740,elon00
1741,kdelcampo13
1742,Hoppeful
1743,vaddikeshavareddy
1744,MahdiCodee
1745,tlm159
1746,Demelix-cmd
1747,darenj456
1748,codernoahx
1749,shubmanh
1750,kybex11
1751,VasanthamHimaanshu
1752,luizvulpi
1753,SvipWangyh
1754,innocentc
1755,gtamaral
1756,1jana0
1757,beyzaaydogan01
1758,ardattoprak
1759,Armkas
1760,bhordum
1761,mgtian03
1762,Vincent-Y5
1763,GuilhermeeCustodio
1764,rajwadejii
1765,carlosgomezi
1766,fevziismailsahin
1767,Prateek-Wayne
1768,kanaksad
1769,1allan2
1770,RaviYadav02
1771,DadMouth82
1772,jvitorlk
1773,sulabhgautam
1774,Su-Tcode
1775,gitteedara
1776,iam-back
1777,Ananya2311
1778,MaxwellNi
1779,eloidieme
1780,winfredbo
1781,DeclanGH
1782,xcrar
1783,Sheepdog2022
1784,sametyilmaztemel
1785,Salvapazzo86
1786,Mohamed988o
1787,jessepeq23
1788,htiennv
1789,Shashank1407
1790,AngelCen14
1791,rsmaayon
1792,jouaraujo
1793,ali-fraz
1794,Mahfuz-00
1795,AleCM8821
1796,sbaws
1797,rany01
1798,Anis-Web
1799,Ig0rFA
1800,Som-III
1801,mparameshkumar
1802,KiraAndRemypie
1803,wshanleee
1804,ansh2903
1805,konpap-chan
1806,LuizGup
1807,JMauro10
1808,1RN21CS056
1809,sudoblanc
1810,Aditya41150
1811,Arun-gox
1812,DominikMoreira
1813,amitsingh2022
1814,misaelsp
1815,developer1618
1816,JaafarLezzaik
1817,AliHossam98
1818,HaiNaBaiDa
1819,0xshii
1820,Renpeng01
1821,shanechioa
1822,LekshmiPrakashhh
1823,aighita
1824,pchalise7
1825,Eleutber
1826,Valliebby
1827,camilasoares045
1828,poemww
1829,iamgopaul
1830,vasanthbanoth
1831,Sray47
1832,Alexdon1988
1833,jinholee-lab
1834,VidanSilk
1835,aminbiography
1836,Svetozara3363
1837,alejandro-requena-cervera
1838,MarcelloCordal
1839,github-world192
1840,rajeshkanugu
1841,richa11101982
1842,sivalaxman07
1843,Chetan-Patil-52
1844,oohcopy
1845,raphaelguardiano
1846,lucasrafael-devtech
1847,choiruddi
1848,Nithin-singiri
1849,adiibnuajat
1850,mahathibodela
1851,krishnagptamcs
1852,yanwei257
1853,sergiojfsunior
1854,Mjawadasad
1855,GiuLOCX
1856,L-Alexandre
1857,Sebastiaanel
1858,saikot-shahriyar
1859,firefitdesgns
1860,eladhon
1861,themrhoffmann
1862,guachonomez
1863,mgrundwuermer
1864,ryanAMZN
1865,Philipabao
1866,hoangtien2k3
1867,Chadkendu
1868,Olaffson
1869,Hamza-H10
1870,Serenitychic
1871,FranPiBe
1872,karthik121222
1873,AbhisekWebDev
1874,timboslice832
1875,braedonbillingsley
1876,gilleswb
1877,emoye7246
1878,Naruto-79
1879,aostar168
1880,tarini3301
1881,shivam-tadas
1882,tinajiang26
1883,marcosdataleal
1884,Rhettliu66
1885,nandarshan
1886,HappyMicky0317
1887,Coradello
1888,martinOofay2023
1889,wilkernel
1890,josielabreu
1891,Wuzoobia
1892,VISHALVARUN011002
1893,dkapt
1894,ColdCodedotso
1895,19raulruiz68
1896,zaim03767
1897,Nanigullipalli
1898,imishangrover
1899,Mahdiip323231
1900,wiscdn
1901,ortanaV2
1902,sks972
1903,TheReDNooB
1904,benthvmas
1905,isabeldefreitas
1906,omarhabd
1907,meissnerluara
1908,Kayra-Baran
1909,Kyrarry6
1910,evan755
1911,purushoth2603
1912,Userali123
1913,ywangire
1914,ZenShuHara
1915,natcurti
1916,lucaxchen
1917,chende1121
1918,fernandoncidade
1919,RamiroBalbo
1920,Jerryplusy
1921,nbinmostafa
1922,TF-185
1923,mdadnankh
1924,ansh23coder
1925,bon4to
1926,Archit-Jain-Github
1927,VidhiS07
1928,Bassamejlaoui
1929,AleMartins2023
1930,JCOOPER5646
1931,ayush-codesmith
1932,OzalOmarl1
1933,that-ar-guy
1934,Todo-bmgm
1935,HYPER10R
1936,TahaZaza
1937,danylo-miranda
1938,SangaoWe
1939,Maycon-dSilva
1940,viktorhuszag
1941,imanol-2021-12
1942,amansandhu408
1943,TodTete
1944,satoshin-des
1945,andregustavoaguiar
1946,work-apradana
1947,choimikey
1948,nazidul
1949,Brrn91
1950,yudai-shibuya
1951,datamoro
1952,KAEWPRASITKRAN
1953,don-glover
1954,Maycon-Melo
1955,lanjua5899
1956,Ligia-lab
1957,TheWitchySarz
1958,JStk-Dev
1959,dhodgson615
1960,GuedesThi
1961,notjustjoshin
1962,niveshatom11
1963,amenihong
1964,MT-Designs
1965,Lmt310104
1966,ShlokVFX
1967,ben9672
1968,YuvalYanay
1969,aristo-alex-develops
1970,Datawitch-Programmer
1971,Abeldsonndiku
1972,WIN1NG22
1973,GauravDevOps711
1974,KLimPALE
1975,S-PScripts
1976,holetinnghia
1977,naomianson
1978,thiagomorais87
1979,gitgptmin1973
1980,preetham-22
1981,PatientProblemSolver
1982,AnaRaquelCarvalho
1983,DavideSchirru17
1984,RajVishal7
1985,alex-bar25
1986,thinkerZz
1987,Ma7moud-Sa3d
1988,joaovgcoelho
1989,V-AI-ML-DL-DS-PL-PYTHON-JAVA-GO-2023-0
1990,tree-shrew
1991,amoreux2084
1992,zzatar
1993,willbribeiro
1994,Amisha-verma2907
1995,Alex0-7
1996,Sumit3104
1997,ReetHabar
1998,Rammaurya11
1999,ocupadaparavc
2000,SawonAnis
2001,nogueiralf
2002,rodrigo-leme
2003,zactseng
2004,KishoreGhost
2005,ricberht
2006,hameed980
2007,ChamelePhantom
2008,abolfazlhajjar
2009,Tariq-Anjum
2010,adminjd
2011,amandageovanna
2012,collinfung
2013,Untilme
2014,Mrisuk
2015,Zzzyyy2023
2016,Alien8887
2017,ManishaBathini
2018,Chrishargrove58
2019,Kikikickss
2020,CPaiva95
2021,luneto10
2022,538mansi
2023,Chris255202
2024,INGVARtattoodjnWEBdev
2025,PPCXZ
2026,arjun-ghose
2027,AndreyPetkov03
2028,cvs0
2029,ZumaGr
2030,worriedape
2031,iwauta049
2032,NikunjWorkDo
2033,rshuba4
2034,sairavi5887
2035,ravigiri91
2036,dminduca
2037,nareshns2004
2038,robin7-mac
2039,Euviniciuscouto
2040,isaias-dev-7
2041,LEO-Bloody-Sweet
2042,Merin-jai
2043,skywalkersPadawan
2044,ThokozaniMntambo
2045,emanuelarevalomartinez
2046,vx-vijay
2047,Sofyaolvs
2048,Trupti0705
2049,Valoron
2050,acya-amazon
2051,ShashankNerkar
2052,kidu-s
2053,secuwity
2054,unstatistical
2055,GiorgioAntonelli94
2056,niroshinimurugadas
2057,chrixcrusher
2058,harishravi131
2059,xlit-online
2060,wishspotting
2061,harishravi141
2062,harishravi151
2063,luisdavidpaz
2064,nfrwt
2065,AnamShaikh06
2066,SonoTommy
2067,JhArantes
2068,suncoastcloud
2069,rainzhang05
2070,Nikhildsaroj
2071,Pranavprasadsinghs
2072,MohsinKhalidDar
2073,augustomangini
2074,tinazhangzh
2075,CS-Explorer
2076,miguelkuter
2077,JeromeyDynamics
2078,Pymster
2079,Sethfire2
2080,sfc-gh-cmilton
2081,jessicalvc
2082,igorfiori
2083,Guilhermedev9
2084,SavetoAI
2085,AL1732
2086,sheb09
2087,Aaxhirrr
2088,the3letterscompany
2089,ANVESHBV
2090,emrecirik
2091,blackbucK123
2092,Kerciu
2093,MANAV-MISHRA-BYTES
2094,tufanbil
2095,iamakachili
2096,Jacqueto
2097,sudhakarinka
2098,arturogaitatzis
2099,Morkonian9
2100,beverlymallen
2101,prane1616
2102,NikolaiYYDS
2103,sb21052005
2104,tayfunkilinc
2105,abinavgt
2106,lucasm-paixao
2107,y-hbb
2108,HkDotPY
2109,Bishal-11
2110,yashkaledeveloper
2111,goeo1066
2112,groupthinking
2113,GitHub7667
2114,likithashashishekar
2115,RaphaelCaamano
2116,baecentral
2117,ozcan-kara
2118,cstiago
2119,SnorlaxCansado
2120,rahulnuvo
2121,natamartinscodedev
2122,lazyGoliath
2123,abhisekde96
2124,applications-engineering
2125,Artg1023
2126,JeffreyLaederach
2127,arch1024
2128,remotemommy
2129,demba9
2130,MohsinMullick
2131,mojojompe
2132,Ali-hey-0
2133,Sameerkhansabri
2134,SA-Official
2135,XQH139
2136,jrxna
2137,Kishore1284
2138,3339991018
2139,Disnord
2140,AbdullahKhalide
2141,kittingkidden
2142,alnayeem01
2143,sadiya21162-45
2144,theHeadlessGrapes
2145,3d01
2146,techwizard689
2147,priyanshu052004
2148,RuanGaldino
2149,CrystalFireSword
2150,FlipGeorgios
2151,mohamedahmedch
2152,baggie11
2153,aayushhks
2154,negoceio
2155,a8m1r
2156,anthonybiondojr
2157,Vrxxun
2158,zhuofuAMZ
2159,gauravdhali
2160,caimindy
2161,Dereck234
2162,WorananH
2163,CauaFChristoni
2164,ANGammingg
2165,luminous-ChenXi
2166,5ush1l
2167,dcmaia-art
2168,PreciousSingletary
2169,Khetag7
2170,valuezon-team
2171,shahedul-islam-joshi
2172,rasmimihub
2173,raffabataglini
2174,nihanth1234
2175,rsmelonw
2176,vitorinodpadua
2177,DarkCodeStudios
2178,Jemajr
2179,the-vishh
2180,Rumie01
2181,Atnatewoss
2182,nickdengamazon
2183,pyhor
2184,jaiprakashbhola
2185,gabrielSMarcal
2186,fbrunamiranda
2187,iirachet
2188,Jin-hiroo
2189,chuqiang188
2190,gentishyti
2191,Al-HamzaAntar
2192,J4R3D5
2193,Sahil-Khilari
2194,firascoding
2195,offical-atsch16
2196,sourenroy
2197,Anika2121
2198,MominIshaque
2199,sigma7863
2200,kavin-raja-d
2201,Eprashanth04
2202,kyawtiz
2203,54437698
2204,arihitaD
2205,jeeva64
2206,lshariprasad
2207,SkyeCai0608
2208,GeekAmir
2209,bbg-it
2210,thankful-kitt
2211,Yashvardhan0904
2212,PauloDevelop01
2213,tpna
2214,ShinyaOkayama
2215,NmtDlrCkn
2216,Tuugii0526
2217,AbolfazlPoornaderiyan
2218,Djeanii
2219,Madhu145
2220,AbdulrhmanFarrah
2221,nqd2
2222,wycliffecomputerdoc
2223,harish-zuper
2224,Mereyem02
2225,monokkai
2226,jamhwang
2227,AnotherAngleSolutions
2228,Robertrabbit0802
2229,Manuxc-sys
2230,godkerbi
2231,AKJUS
2232,Administrator33
2233,DennisEms
2234,jcjiacheng
2235,GalaxaLabs
2236,jpdgz2002
2237,Kapilkumar18dev
2238,Shoaib552
2239,tambehimanshu
2240,omarmaharem
2241,omarmoashraf
2242,kaktadua4
2243,DennisN22042003
2244,mohammadmehrani83
2245,Sr-Serda
2246,philquist
2247,EsadCakinPD
2248,Ultimate-spidy
2249,K437-max
2250,Jayveer-Singh0017
2251,joaoschs
2252,Yasaswini-Yasaswini
2253,humayuu
2254,Jolane468
2255,github-audiyang
2256,OkunyomihOghenetega
2257,mikey-sys
2258,Tejas7k
2259,Lorydima
2260,YaShhhhz
2261,Tong8s
2262,Pascal-Felis
2263,Bcastrocorrea
2264,HiagoPetry
2265,Hitalo-Uzan
2266,mariipaiva
2267,RaulProgrammer23
2268,crypto820
2269,fbaravalle-arit
2270,BoyFromDelaware
2271,KhushviB
2272,ndk123-web
2273,ElSchutzL
2274,constyoussef
2275,ysfa7md
2276,ShadowMonarchX
2277,Himmu-52
2278,Hiburger
2279,ezatk
2280,jvieira209
2281,Omnivictor
2282,20240906book
2283,vj031206
2284,tomliked
2285,DailyInvestors
2286,455272
2287,kalgiswar
2288,Smit275-z
2289,sapiendummy
2290,RomulusMirauta
2291,Johnny5x5
2292,CorraTheExplorer
2293,ahcetse
2294,Sonne40
2295,sriishtyb
2296,ElfarraDev
2297,micwilsoneng
2298,GaneshBorole
2299,anup-aws
2300,3r3m1t3
2301,Samar12110
2302,TheAndreyZakharov
2303,krpritam
2304,Aryukt
2305,Mark-Atef
2306,ikomers-dev
2307,AbayleE
2308,juyong0129
2309,recconect-max
2310,TheoGuerra71
2311,worstusercaseunder
2312,80968133
2313,Sneha529
2314,felixword
2315,JoaoPauloDel
2316,favieok
2317,Surya2901
2318,Fritz8887
2319,jeyaganeshan-dev
2320,Anuroop128
2321,Len1na
2322,saqib-76340
2323,Larasho6
2324,Sahiscs8
2325,hironb
2326,buschtrisha77
2327,2k24cs1m2414238
2328,wilkessidney
2329,DJAngel973
2330,akhdvmn
2331,malisohail72
2332,W3nde11
2333,edengilbertus
2334,vitoralexx
2335,john-137
2336,Destr0rso
2337,Egmarortiz
2338,devinbuchanan
2339,sivaduraiAmz
2340,renatzef
2341,Yezbyte
2342,PatrickCarvalho7
2343,SuicideSquad6969
2344,yzw2024
2345,amitu314
2346,SuperBolt28
2347,abrahman90
2348,montana64
2349,lbulhoess
2350,hatimharrati
2351,ShangRuYu
2352,andre-tagliaferro
2353,TechnoMonkey1
2354,tiago-santos1993
2355,joembanga
2356,bkumar-amz
2357,YuriGodoy
2358,montaciraitlahcen07
2359,howtousellm
2360,shiv-amazon
2361,sachinxsh
2362,dwaz8
2363,nicogothub
2364,DecryptMike
2365,almc1977
2366,toxy4ny
2367,SchutzL22
2368,nandhancmd
2369,ASDFSA13
2370,rehan-thecs
2371,AnupShahi07
2372,yassinebelaid05
2373,Santhiya14015
2374,Sanoj88
2375,gustavo-alves-repo
2376,ShambhaviCode
2377,itallstartedwithaidea
2378,sasi-spacemarvel10
2379,Srinivas524
2380,dviel7-dev
2381,RonyKVilar
2382,QWERF-9
2383,cesarg210
2384,BeeyWasser
2385,Dora-Honor
2386,ProgrammerKR
2387,interpassai
2388,Vimtoooo
2389,loureng
2390,mangeshwagh91
2391,ruidawithchima
2392,zees123-svg
2393,nipuniathapaththu
2394,JAlves19
2395,EWeeksMark18
2396,kindleops
2397,macartechsand
2398,wakeleyresearch
2399,suxiaoxinggz
2400,Thalessantos7
2401,goraiabhijit
2402,aws-boeunkim
2403,xAI-gh
2404,brandonvinicius
2405,akabarki76
2406,Onlineos1987
2407,yulo-dev
2408,johnvesslyalti
2409,eroweEce
2410,manoj-anandan25
2411,crumeb
2412,luka8881
2413,ReyaanMisra2811
2414,JMS-tesoy
2415,mbelab
2416,SniperRavan
2417,HARISH6384
2418,playhardworkhard
2419,Dragonn-47
2420,LowZhiHorng
2421,noonintellab
2422,devxpreneur
2423,YashDholpure24
2424,mrebitteskutchi
2425,cicila-app
2426,WR1982337
2427,AIplug
2428,preranav-biradar
2429,Raphasha27
2430,Qernel30
2431,ialex212004
2432,f1ciu
2433,HARiGOViND-7
2434,dpakdev02-dev
2435,kodurisravya06
2436,tgssharshitha27012k
2437,vaishnavanS
2438,kalapurekomal07
2439,vigneshpnagaraj
2440,abhijithshaji17
2441,sohaibhanifm
2442,aryan-r03
2443,ProdGD
2444,chesstechtn
2445,ainulirfan34-stack
2446,ngetachew870-dotcom
2447,thehamzaarshad
2448,keyzzilla
2449,OCT-Ahmed
2450,RaulSalRom
2451,atharvgurav1665
2452,konulhuseynli-1
2453,Paulinhuph
2454,rafaelalbhti-tech
2455,20121113jp
2456,flameastro
2457,pranay-tedt
2458,raza-rafay
2459,beynawoo-code
2460,milesp-debug
2461,hamzacluj-debug
2462,skumalo0115-commits
2463,hpzalv
2464,ellabrndn
2465,mohamed-dev-labs
2466,davidarmandosanchezcruz54-source
2467,SAMUELFAMILYSKY31
2468,anirudhshenoy-69
2469,karthiksworkspace
2470,lisademaderios2-cloud
2471,ac4733992-spec
2472,sydsaggy-cmd
2473,Karuna-m-s
2474,khanshakeef28-sys
2475,Afterglow01
2476,varshiniselvarathinam
2477,bryanwheang
2478,thalinda-oss
2479,pinkpayload
2480,SpencerAmazon
2481,ddmogit
2482,DevPrimeBR
2483,m4rcu5-ch4n
2484,aqplemine
2485,veritasfuji-japan
2486,miyazato-code
2487,arogga1
2488,yoshimazaki-0813
2489,sudo-Luca
2490,DABOUZmanal
2491,sfbaytides
2492,sayantandutta2612
2493,cindy415work-boop
2494,revalescyrilzerna9-crypto
2495,bywmty
2496,snowden-h
2497,testgemgem1-beep
2498,Caspianbyte
2499,tiffanybibler
2500,borellivamshi
2501,deepaksingh555
2502,Raqlmx
2503,mithunroy85
2504,ivanpazcel
2505,mattseram
2506,soothad
2507,abdurakibtalukder
2508,CoderDecoding
2509,pattyjcarlos-sys
2510,richi-reds
2511,villagga
2512,quanphoton
2513,yulinlyl
2514,charlotte-otoole
