id,nome,linguagem
0,aioshumway,Python
1,android-auth,Kotlin
2,android-sdk,HTML
3,android-store-service,Python
4,annoy,C++
5,annoy-java,Java
6,apollo,Java
7,apollo-elide,Java
8,async-datastore-client,Java
9,async-google-pubsub-client,Java
10,backup-utils,Shell
11,basic-pitch,Python
12,basic-pitch-ts,TypeScript
13,batty,Python
14,bazel-tools,Java
15,beam,Java
16,big-data-rosetta-code,Scala
17,bigtable-autoscaler,Java
18,bucket-runner,JavaScript
19,cartography,Python
20,cassandra-extra,Java
21,cassandra-medusa,Python
22,cassandra-opstools,Java
23,certcheck,Python
24,chartify,Python
25,collectd,C
26,comet,Python
27,comet-common,Python
28,comet-core,Python
29,completable-futures,Java
30,condor,Java
31,confidence,Python
32,confidence-resolver,Rust
33,confidence-sdk-android,Kotlin
34,confidence-sdk-demos,TypeScript
35,confidence-sdk-dotnet,C#
36,confidence-sdk-flutter,Dart
37,confidence-sdk-go,Go
38,confidence-sdk-java,Java
39,confidence-sdk-js,TypeScript
40,confidence-sdk-python,Python
41,confidence-sdk-rust,Rust
42,confidence-sdk-swift,Swift
43,container-agent,Python
44,conversion-api-tag-template,Smarty
45,cookiecutter-golang,Go
46,coordinator,HTML
47,crtauth,Python
48,crtauth-java,Java
49,crtauth-java-agent-signer-apache,Java
50,crunch-lib,Java
51,cstar,Python
52,daemon-java,Java
53,dataenum,Java
54,DataflowJavaSDK,Java
55,dataproc-java-submitter,Java
56,dataprocxy,Python
57,dbeam,Java
58,debify,Shell
59,dh-virtualenv,Python
60,diffuser,Swift
61,dns-java,Java
62,docgenerator,Java
63,docker-bigtable,Go
64,docker-cassandra,Shell
65,docker-client,Java
66,docker-gc,Shell
67,docker-kafka,Shell
68,docker-maven-plugin,Java
69,docker-stress,Python
70,dockerfile-maven,Java
71,dockerfile-mode,Emacs Lisp
72,docker_interface,Python
73,drserv,Python
74,duck,Ruby
75,echoprint-codegen,C++
76,echoprint-server,Java
77,elasticsearch-index-window,Java
78,elitzur,Scala
79,eslint-config-oss,JavaScript
80,etcd,Go
81,featran,Scala
82,ffwd,Java
83,ffwd-client-java,Java
84,ffwd-http-client,Java
85,ffwd-ruby,Ruby
86,flink,Java
87,flink-on-k8s-operator,Go
88,flo,Java
89,flume-syslog-source2,Java
90,flyte-flink-plugin,Go
91,fmt-maven-plugin,Java
92,folsom,Java
93,futures-extra,Java
94,futuristic-feline,Java
95,gcp-audit,Python
96,gcp-aws-iam-federation-webidentity,HCL
97,gcp-firewall-enforcer,Python
98,gcs-tools,Scala
99,ghelog,Python
100,gimme,Python
101,git-test,Shell
102,github-java-client,Java
103,google-http-java-client,Java
104,gordon,Python
105,gordon-gcp,Python
106,gordon-introspection,Python
107,gordon-janitor,Python
108,gordon-janitor-gcp,Python
109,griffin,Python
110,hadoop-openpgp-codec,Java
111,hdfs2cass,Java
112,helios,Java
113,helios-go,Go
114,helios-skydns,Java
115,heroic,Java
116,heroic-client-go,Go
117,heroic-client-java,Java
118,homebrew-public,Ruby
119,hornet,Scala
120,HubFramework,Objective-C
121,hush-tab,JavaScript
122,hype,Java
123,hyperflo,Scala
124,ieee-spm-vocals-tutorial,Jupyter Notebook
125,ios-auth,Objective-C
126,ios-ci,Shell
127,ios-sdk,Objective-C
128,java-hamcrest,Java
129,java-lkk,Java
130,java-locales,Java
131,jenkins-coverage-poster,Groovy
132,jira-lkk-bridge,Java
133,JniHelpers,C++
134,jsconfeu-2013,JavaScript
135,kafka,Scala
136,kairosdb,Java
137,klio,Python
138,lemur,Python
139,lighthouse-audit-service,TypeScript
140,limbo,Scala
141,lingon,JavaScript
142,linux,C
143,logging-java,Java
144,luigi,Python
145,lyceum,Clojure
146,magnolify,Scala
147,metrics-munin-reporter,Java
148,missinglink,Java
149,mlockexec,Python
150,mobius,Java
151,mobius-android-sample,Java
152,Mobius.swift,Swift
153,moob,Ruby
154,netty-batch-flusher,Java
155,netty-zmtp,Java
156,noether,Scala
157,okta-sdk-python,Python
158,openfeature-kotlin-sdk,Kotlin
159,openfeature-swift-sdk,Swift
160,pedalboard,C++
161,PeqBank,C
162,perf-map-agent,C
163,phpconf-argentina-2014,JavaScript
164,polly-jest-presets,TypeScript
165,postgresql-metrics,Python
166,proto-registry,TypeScript
167,proto-requests,TypeScript
168,protoman,Java
169,puppet-talos,Puppet
170,pyeos,Python
171,pyfg,Python
172,pyschema,Python
173,python-graphwalker,Python
174,pythonflow,Python
175,pywk,Python
176,quickstart,JavaScript
177,ratatool,Scala
178,react-native-lookback,Objective-C
179,reactochart,JavaScript
180,realbook,Python
181,redux-location-state,JavaScript
182,requests-crtauth,Python
183,robolectric,Java
184,rspec-dns,Ruby
185,rspec-dnsruby,Ruby
186,ruler,Kotlin
187,s3mper,Java
188,scanctl,Python
189,scio,Scala
190,scio-contrib,Scala
191,scio-idea-plugin,Scala
192,scio.g8,Scala
193,sekexe,Shell
194,semantic-metrics,Java
195,should-up,JavaScript
196,shumway,Python
197,simple-bigtable,Java
198,skygc,Python
199,snakebite,Python
200,soa-reference-integration,TypeScript
201,soundcheck-demo-environment,TypeScript
202,sourcekit-bazel-bsp,Swift
203,spark-bigquery,Scala
204,sparkey,C
205,sparkey-java,Java
206,sparkey-python,Python
207,spawn,Java
208,spotify-heroic-datasource,TypeScript
209,spotify-js-challenge,JavaScript
210,spotify-json,C++
211,spotify-tensorflow,Python
212,spotify-web-api-ts-sdk,TypeScript
213,spotify-web-playback-sdk-example,JavaScript
214,spotify.github.io,HTML
215,SpotifyLogin,Swift
216,sprunch,Scala
217,SPStackedNav,Objective-C
218,SPTDataLoader,Objective-C
219,SPTPersistentCache,Objective-C
220,spydra,Java
221,spymaster,Python
222,squashing-census-exporter,Kotlin
223,ssh-agent-proxy,Java
224,ssh-agent-tls,Java
225,styx,Java
226,super-smash-brogp,Python
227,syslog-redirector,Go
228,syslog-redirector-golang,Go
229,talos,Ruby
230,terraform-gke-kubeflow-cluster,HCL
231,terraform-google-aws-hybrid-cloud-vpn,HCL
232,terraform-google-grr,HCL
233,testing-game,Python
234,tfexample-derive,Scala
235,tfreader,Scala
236,tfx,Python
237,threaddump-analyzer,JavaScript
238,trickle,Java
239,ts-interface-loader,TypeScript
240,tutter-jenkins,Ruby
241,ulogger,Python
242,Vandelay,Java
243,vdisk,Python
244,vispana,JavaScript
245,volcano,Go
246,voyager,C++
247,wasd,Java
248,web-api,RAML
249,web-api-examples,HTML
250,web-audio-bench,JavaScript
251,web-scripts,TypeScript
252,web-scripts-library-template,TypeScript
253,XCMetrics,Swift
254,XCRemoteCache,Swift
255,zoltar,Java
